,world_map_obj,world_map_col,world_map_sta,c_world_map
0,"[[- - - - - - - - - - -]
 [- 1 1 1 6 - - - - - -]
 [- 1 Yourself 1 5 - - - - - -]
 [- 1 1 1 1 - - - - - -]
 [- - - - - - - - - - -]
 [- - - - - - - - - - -]]","[[- - - - - - - - - - -]
 [- 0 0 0 1 - - - - - -]
 [- 0 Yourself 0 1 - - - - - -]
 [- 0 0 0 0 - - - - - -]
 [- - - - - - - - - - -]
 [- - - - - - - - - - -]]","[[- - - - - - - - - - -]
 [- 0 0 0 0 - - - - - -]
 [- 0 Yourself 0 0 - - - - - -]
 [- 0 0 0 0 - - - - - -]
 [- - - - - - - - - - -]
 [- - - - - - - - - - -]]","[[- - - - - - - - - - -]
 [- 0Empty 0Empty 0Empty 1Ball - - - - - -]
 [- 0Empty Yourself 0Empty 1Key - - - - - -]
 [- 0Empty 0Empty 0Empty 0Empty - - - - - -]
 [- - - - - - - - - - -]
 [- - - - - - - - - - -]]"
1,"[[- - - - - - - - - - -]
 [- 1 1 1 6 4 - - - - -]
 [- 1 1 Yourself 5 2 - - - - -]
 [- 1 1 1 1 2 - - - - -]
 [- - - - - - - - - - -]
 [- - - - - - - - - - -]]","[[- - - - - - - - - - -]
 [- 0 0 0 1 1 - - - - -]
 [- 0 0 Yourself 1 5 - - - - -]
 [- 0 0 0 0 5 - - - - -]
 [- - - - - - - - - - -]
 [- - - - - - - - - - -]]","[[- - - - - - - - - - -]
 [- 0 0 0 0 2 - - - - -]
 [- 0 0 Yourself 0 0 - - - - -]
 [- 0 0 0 0 0 - - - - -]
 [- - - - - - - - - - -]
 [- - - - - - - - - - -]]","[[- - - - - - - - - - -]
 [- 0Empty 0Empty 0Empty 1Ball 1Door+ - - - - -]
 [- 0Empty 0Empty Yourself 1Key 5Wall - - - - -]
 [- 0Empty 0Empty 0Empty 0Empty 5Wall - - - - -]
 [- - - - - - - - - - -]
 [- - - - - - - - - - -]]"
2,"[[- - - - - - - - - - -]
 [- 1 1 1 6 4 - - - - -]
 [- 1 1 Yourself 5 2 - - - - -]
 [- 1 1 1 1 2 - - - - -]
 [- - 1 1 1 - - - - - -]
 [- - - - - - - - - - -]]","[[- - - - - - - - - - -]
 [- 0 0 0 1 1 - - - - -]
 [- 0 0 Yourself 1 5 - - - - -]
 [- 0 0 0 0 5 - - - - -]
 [- - 0 0 0 - - - - - -]
 [- - - - - - - - - - -]]","[[- - - - - - - - - - -]
 [- 0 0 0 0 2 - - - - -]
 [- 0 0 Yourself 0 0 - - - - -]
 [- 0 0 0 0 0 - - - - -]
 [- - 0 0 0 - - - - - -]
 [- - - - - - - - - - -]]","[[- - - - - - - - - - -]
 [- 0Empty 0Empty 0Empty 1Ball 1Door+ - - - - -]
 [- 0Empty 0Empty Yourself 1Key 5Wall - - - - -]
 [- 0Empty 0Empty 0Empty 0Empty 5Wall - - - - -]
 [- - 0Empty 0Empty 0Empty - - - - - -]
 [- - - - - - - - - - -]]"
3,"[[- - - - - - - - - - -]
 [2 1 1 1 6 - - - - - -]
 [2 1 Yourself 1 5 - - - - - -]
 [2 1 1 1 1 - - - - - -]
 [- - - - - - - - - - -]
 [- - - - - - - - - - -]]","[[- - - - - - - - - - -]
 [5 0 0 0 1 - - - - - -]
 [5 0 Yourself 0 1 - - - - - -]
 [5 0 0 0 0 - - - - - -]
 [- - - - - - - - - - -]
 [- - - - - - - - - - -]]","[[- - - - - - - - - - -]
 [0 0 0 0 0 - - - - - -]
 [0 0 Yourself 0 0 - - - - - -]
 [0 0 0 0 0 - - - - - -]
 [- - - - - - - - - - -]
 [- - - - - - - - - - -]]","[[- - - - - - - - - - -]
 [5Wall 0Empty 0Empty 0Empty 1Ball - - - - - -]
 [5Wall 0Empty Yourself 0Empty 1Key - - - - - -]
 [5Wall 0Empty 0Empty 0Empty 0Empty - - - - - -]
 [- - - - - - - - - - -]
 [- - - - - - - - - - -]]"
4,"[[- - - - - - - - - - -]
 [2 1 1 1 6 - - - - - -]
 [2 1 Yourself 1 5 - - - - - -]
 [2 1 1 1 1 - - - - - -]
 [- - - - - - - - - - -]
 [- - - - - - - - - - -]]","[[- - - - - - - - - - -]
 [5 0 0 0 1 - - - - - -]
 [5 0 Yourself 0 1 - - - - - -]
 [5 0 0 0 0 - - - - - -]
 [- - - - - - - - - - -]
 [- - - - - - - - - - -]]","[[- - - - - - - - - - -]
 [0 0 0 0 0 - - - - - -]
 [0 0 Yourself 0 0 - - - - - -]
 [0 0 0 0 0 - - - - - -]
 [- - - - - - - - - - -]
 [- - - - - - - - - - -]]","[[- - - - - - - - - - -]
 [5Wall 0Empty 0Empty 0Empty 1Ball - - - - - -]
 [5Wall 0Empty Yourself 0Empty 1Key - - - - - -]
 [5Wall 0Empty 0Empty 0Empty 0Empty - - - - - -]
 [- - - - - - - - - - -]
 [- - - - - - - - - - -]]"
5,"[[- - - - - - - - - - -]
 [2 1 1 1 6 - - - - - -]
 [2 1 Yourself 1 5 - - - - - -]
 [2 1 1 1 1 - - - - - -]
 [- - 1 1 - - - - - - -]
 [- - - - - - - - - - -]]","[[- - - - - - - - - - -]
 [5 0 0 0 1 - - - - - -]
 [5 0 Yourself 0 1 - - - - - -]
 [5 0 0 0 0 - - - - - -]
 [- - 0 0 - - - - - - -]
 [- - - - - - - - - - -]]","[[- - - - - - - - - - -]
 [0 0 0 0 0 - - - - - -]
 [0 0 Yourself 0 0 - - - - - -]
 [0 0 0 0 0 - - - - - -]
 [- - 0 0 - - - - - - -]
 [- - - - - - - - - - -]]","[[- - - - - - - - - - -]
 [5Wall 0Empty 0Empty 0Empty 1Ball - - - - - -]
 [5Wall 0Empty Yourself 0Empty 1Key - - - - - -]
 [5Wall 0Empty 0Empty 0Empty 0Empty - - - - - -]
 [- - 0Empty 0Empty - - - - - - -]
 [- - - - - - - - - - -]]"
6,"[[- - - - - - - - - - -]
 [2 1 1 1 6 - - - - - -]
 [2 1 Yourself 1 5 - - - - - -]
 [2 1 1 1 1 - - - - - -]
 [- - 1 1 - - - - - - -]
 [- - - - - - - - - - -]]","[[- - - - - - - - - - -]
 [5 0 0 0 1 - - - - - -]
 [5 0 Yourself 0 1 - - - - - -]
 [5 0 0 0 0 - - - - - -]
 [- - 0 0 - - - - - - -]
 [- - - - - - - - - - -]]","[[- - - - - - - - - - -]
 [0 0 0 0 0 - - - - - -]
 [0 0 Yourself 0 0 - - - - - -]
 [0 0 0 0 0 - - - - - -]
 [- - 0 0 - - - - - - -]
 [- - - - - - - - - - -]]","[[- - - - - - - - - - -]
 [5Wall 0Empty 0Empty 0Empty 1Ball - - - - - -]
 [5Wall 0Empty Yourself 0Empty 1Key - - - - - -]
 [5Wall 0Empty 0Empty 0Empty 0Empty - - - - - -]
 [- - 0Empty 0Empty - - - - - - -]
 [- - - - - - - - - - -]]"
7,"[[- - - - - - - - - - -]
 [- 1 1 1 6 - - - - - -]
 [- 1 1 Yourself 5 - - - - - -]
 [- 1 1 1 1 - - - - - -]
 [- - - - - - - - - - -]
 [- - - - - - - - - - -]]","[[- - - - - - - - - - -]
 [- 0 0 0 1 - - - - - -]
 [- 0 0 Yourself 1 - - - - - -]
 [- 0 0 0 0 - - - - - -]
 [- - - - - - - - - - -]
 [- - - - - - - - - - -]]","[[- - - - - - - - - - -]
 [- 0 0 0 0 - - - - - -]
 [- 0 0 Yourself 0 - - - - - -]
 [- 0 0 0 0 - - - - - -]
 [- - - - - - - - - - -]
 [- - - - - - - - - - -]]","[[- - - - - - - - - - -]
 [- 0Empty 0Empty 0Empty 1Ball - - - - - -]
 [- 0Empty 0Empty Yourself 1Key - - - - - -]
 [- 0Empty 0Empty 0Empty 0Empty - - - - - -]
 [- - - - - - - - - - -]
 [- - - - - - - - - - -]]"
8,"[[- - - - - - - - - - -]
 [- 1 1 1 6 - - - - - -]
 [- 1 1 Yourself 5 - - - - - -]
 [- 1 1 1 1 - - - - - -]
 [- - - - - - - - - - -]
 [- - - - - - - - - - -]]","[[- - - - - - - - - - -]
 [- 0 0 0 1 - - - - - -]
 [- 0 0 Yourself 1 - - - - - -]
 [- 0 0 0 0 - - - - - -]
 [- - - - - - - - - - -]
 [- - - - - - - - - - -]]","[[- - - - - - - - - - -]
 [- 0 0 0 0 - - - - - -]
 [- 0 0 Yourself 0 - - - - - -]
 [- 0 0 0 0 - - - - - -]
 [- - - - - - - - - - -]
 [- - - - - - - - - - -]]","[[- - - - - - - - - - -]
 [- 0Empty 0Empty 0Empty 1Ball - - - - - -]
 [- 0Empty 0Empty Yourself 1Key - - - - - -]
 [- 0Empty 0Empty 0Empty 0Empty - - - - - -]
 [- - - - - - - - - - -]
 [- - - - - - - - - - -]]"
9,"[[- - - - - - - - - - -]
 [1 1 1 1 6 - - - - - -]
 [1 1 1 Yourself 5 - - - - - -]
 [1 1 1 1 1 - - - - - -]
 [- - - - - - - - - - -]
 [- - - - - - - - - - -]]","[[- - - - - - - - - - -]
 [0 0 0 0 1 - - - - - -]
 [0 0 0 Yourself 1 - - - - - -]
 [0 0 0 0 0 - - - - - -]
 [- - - - - - - - - - -]
 [- - - - - - - - - - -]]","[[- - - - - - - - - - -]
 [0 0 0 0 0 - - - - - -]
 [0 0 0 Yourself 0 - - - - - -]
 [0 0 0 0 0 - - - - - -]
 [- - - - - - - - - - -]
 [- - - - - - - - - - -]]","[[- - - - - - - - - - -]
 [0Empty 0Empty 0Empty 0Empty 1Ball - - - - - -]
 [0Empty 0Empty 0Empty Yourself 1Key - - - - - -]
 [0Empty 0Empty 0Empty 0Empty 0Empty - - - - - -]
 [- - - - - - - - - - -]
 [- - - - - - - - - - -]]"
10,"[[- - - - - - - - - - -]
 [1 1 1 1 6 - - - - - -]
 [1 1 1 Yourself 5 - - - - - -]
 [1 1 1 1 1 - - - - - -]
 [- - 1 1 - - - - - - -]
 [- - - - - - - - - - -]]","[[- - - - - - - - - - -]
 [0 0 0 0 1 - - - - - -]
 [0 0 0 Yourself 1 - - - - - -]
 [0 0 0 0 0 - - - - - -]
 [- - 0 0 - - - - - - -]
 [- - - - - - - - - - -]]","[[- - - - - - - - - - -]
 [0 0 0 0 0 - - - - - -]
 [0 0 0 Yourself 0 - - - - - -]
 [0 0 0 0 0 - - - - - -]
 [- - 0 0 - - - - - - -]
 [- - - - - - - - - - -]]","[[- - - - - - - - - - -]
 [0Empty 0Empty 0Empty 0Empty 1Ball - - - - - -]
 [0Empty 0Empty 0Empty Yourself 1Key - - - - - -]
 [0Empty 0Empty 0Empty 0Empty 0Empty - - - - - -]
 [- - 0Empty 0Empty - - - - - - -]
 [- - - - - - - - - - -]]"
11,"[[- - - - - - - - - - -]
 [1 1 1 1 6 4 - - - - -]
 [1 1 1 Yourself 5 2 - - - - -]
 [1 1 1 1 1 2 - - - - -]
 [- - 1 1 - - - - - - -]
 [- - - - - - - - - - -]]","[[- - - - - - - - - - -]
 [0 0 0 0 1 1 - - - - -]
 [0 0 0 Yourself 1 5 - - - - -]
 [0 0 0 0 0 5 - - - - -]
 [- - 0 0 - - - - - - -]
 [- - - - - - - - - - -]]","[[- - - - - - - - - - -]
 [0 0 0 0 0 2 - - - - -]
 [0 0 0 Yourself 0 0 - - - - -]
 [0 0 0 0 0 0 - - - - -]
 [- - 0 0 - - - - - - -]
 [- - - - - - - - - - -]]","[[- - - - - - - - - - -]
 [0Empty 0Empty 0Empty 0Empty 1Ball 1Door+ - - - -
  -]
 [0Empty 0Empty 0Empty Yourself 1Key 5Wall - - - -
  -]
 [0Empty 0Empty 0Empty 0Empty 0Empty 5Wall - - - -
  -]
 [- - 0Empty 0Empty - - - - - - -]
 [- - - - - - - - - - -]]"
12,"[[- - - - - - - - - - -]
 [1 1 1 1 6 4 - - - - -]
 [1 1 1 Yourself 5 2 - - - - -]
 [1 1 1 1 1 2 - - - - -]
 [- - 1 1 - - - - - - -]
 [- - - - - - - - - - -]]","[[- - - - - - - - - - -]
 [0 0 0 0 1 1 - - - - -]
 [0 0 0 Yourself 1 5 - - - - -]
 [0 0 0 0 0 5 - - - - -]
 [- - 0 0 - - - - - - -]
 [- - - - - - - - - - -]]","[[- - - - - - - - - - -]
 [0 0 0 0 0 2 - - - - -]
 [0 0 0 Yourself 0 0 - - - - -]
 [0 0 0 0 0 0 - - - - -]
 [- - 0 0 - - - - - - -]
 [- - - - - - - - - - -]]","[[- - - - - - - - - - -]
 [0Empty 0Empty 0Empty 0Empty 1Ball 1Door+ - - - -
  -]
 [0Empty 0Empty 0Empty Yourself 1Key 5Wall - - - -
  -]
 [0Empty 0Empty 0Empty 0Empty 0Empty 5Wall - - - -
  -]
 [- - 0Empty 0Empty - - - - - - -]
 [- - - - - - - - - - -]]"
13,"[[- - - - - - - - - - -]
 [1 1 1 1 6 - - - - - -]
 [1 1 1 Yourself 5 - - - - - -]
 [1 1 1 1 1 - - - - - -]
 [- - - - - - - - - - -]
 [- - - - - - - - - - -]]","[[- - - - - - - - - - -]
 [0 0 0 0 1 - - - - - -]
 [0 0 0 Yourself 1 - - - - - -]
 [0 0 0 0 0 - - - - - -]
 [- - - - - - - - - - -]
 [- - - - - - - - - - -]]","[[- - - - - - - - - - -]
 [0 0 0 0 0 - - - - - -]
 [0 0 0 Yourself 0 - - - - - -]
 [0 0 0 0 0 - - - - - -]
 [- - - - - - - - - - -]
 [- - - - - - - - - - -]]","[[- - - - - - - - - - -]
 [0Empty 0Empty 0Empty 0Empty 1Ball - - - - - -]
 [0Empty 0Empty 0Empty Yourself 1Key - - - - - -]
 [0Empty 0Empty 0Empty 0Empty 0Empty - - - - - -]
 [- - - - - - - - - - -]
 [- - - - - - - - - - -]]"
14,"[[- - - - - - - - - - -]
 [1 1 1 1 6 - - - - - -]
 [1 1 1 Yourself 5 - - - - - -]
 [1 1 1 1 1 - - - - - -]
 [- - - - - - - - - - -]
 [- - - - - - - - - - -]]","[[- - - - - - - - - - -]
 [0 0 0 0 1 - - - - - -]
 [0 0 0 Yourself 1 - - - - - -]
 [0 0 0 0 0 - - - - - -]
 [- - - - - - - - - - -]
 [- - - - - - - - - - -]]","[[- - - - - - - - - - -]
 [0 0 0 0 0 - - - - - -]
 [0 0 0 Yourself 0 - - - - - -]
 [0 0 0 0 0 - - - - - -]
 [- - - - - - - - - - -]
 [- - - - - - - - - - -]]","[[- - - - - - - - - - -]
 [0Empty 0Empty 0Empty 0Empty 1Ball - - - - - -]
 [0Empty 0Empty 0Empty Yourself 1Key - - - - - -]
 [0Empty 0Empty 0Empty 0Empty 0Empty - - - - - -]
 [- - - - - - - - - - -]
 [- - - - - - - - - - -]]"
15,"[[- - - - - - - - - - -]
 [1 1 1 1 6 - - - - - -]
 [1 1 1 1 5 - - - - - -]
 [1 1 1 Yourself 1 - - - - - -]
 [- - 1 1 1 - - - - - -]
 [- - - - - - - - - - -]]","[[- - - - - - - - - - -]
 [0 0 0 0 1 - - - - - -]
 [0 0 0 0 1 - - - - - -]
 [0 0 0 Yourself 0 - - - - - -]
 [- - 0 0 0 - - - - - -]
 [- - - - - - - - - - -]]","[[- - - - - - - - - - -]
 [0 0 0 0 0 - - - - - -]
 [0 0 0 0 0 - - - - - -]
 [0 0 0 Yourself 0 - - - - - -]
 [- - 0 0 0 - - - - - -]
 [- - - - - - - - - - -]]","[[- - - - - - - - - - -]
 [0Empty 0Empty 0Empty 0Empty 1Ball - - - - - -]
 [0Empty 0Empty 0Empty 0Empty 1Key - - - - - -]
 [0Empty 0Empty 0Empty Yourself 0Empty - - - - - -]
 [- - 0Empty 0Empty 0Empty - - - - - -]
 [- - - - - - - - - - -]]"
16,"[[- - - - - - - - - - -]
 [1 1 1 1 6 - - - - - -]
 [1 1 1 1 5 - - - - - -]
 [1 1 1 Yourself 1 - - - - - -]
 [- - 1 1 1 - - - - - -]
 [- - - - - - - - - - -]]","[[- - - - - - - - - - -]
 [0 0 0 0 1 - - - - - -]
 [0 0 0 0 1 - - - - - -]
 [0 0 0 Yourself 0 - - - - - -]
 [- - 0 0 0 - - - - - -]
 [- - - - - - - - - - -]]","[[- - - - - - - - - - -]
 [0 0 0 0 0 - - - - - -]
 [0 0 0 0 0 - - - - - -]
 [0 0 0 Yourself 0 - - - - - -]
 [- - 0 0 0 - - - - - -]
 [- - - - - - - - - - -]]","[[- - - - - - - - - - -]
 [0Empty 0Empty 0Empty 0Empty 1Ball - - - - - -]
 [0Empty 0Empty 0Empty 0Empty 1Key - - - - - -]
 [0Empty 0Empty 0Empty Yourself 0Empty - - - - - -]
 [- - 0Empty 0Empty 0Empty - - - - - -]
 [- - - - - - - - - - -]]"
17,"[[- - - - - - - - - - -]
 [1 1 1 1 6 - - - - - -]
 [1 1 1 1 5 - - - - - -]
 [1 1 1 Yourself 1 - - - - - -]
 [- - 1 1 1 - - - - - -]
 [- - - - - - - - - - -]]","[[- - - - - - - - - - -]
 [0 0 0 0 1 - - - - - -]
 [0 0 0 0 1 - - - - - -]
 [0 0 0 Yourself 0 - - - - - -]
 [- - 0 0 0 - - - - - -]
 [- - - - - - - - - - -]]","[[- - - - - - - - - - -]
 [0 0 0 0 0 - - - - - -]
 [0 0 0 0 0 - - - - - -]
 [0 0 0 Yourself 0 - - - - - -]
 [- - 0 0 0 - - - - - -]
 [- - - - - - - - - - -]]","[[- - - - - - - - - - -]
 [0Empty 0Empty 0Empty 0Empty 1Ball - - - - - -]
 [0Empty 0Empty 0Empty 0Empty 1Key - - - - - -]
 [0Empty 0Empty 0Empty Yourself 0Empty - - - - - -]
 [- - 0Empty 0Empty 0Empty - - - - - -]
 [- - - - - - - - - - -]]"
18,"[[- - - - - - - - - - -]
 [1 1 1 1 6 - - - - - -]
 [1 1 1 1 5 2 - - - - -]
 [1 1 1 1 Yourself 2 - - - - -]
 [- - 1 1 1 2 - - - - -]
 [- - - - - - - - - - -]]","[[- - - - - - - - - - -]
 [0 0 0 0 1 - - - - - -]
 [0 0 0 0 1 5 - - - - -]
 [0 0 0 0 Yourself 5 - - - - -]
 [- - 0 0 0 5 - - - - -]
 [- - - - - - - - - - -]]","[[- - - - - - - - - - -]
 [0 0 0 0 0 - - - - - -]
 [0 0 0 0 0 0 - - - - -]
 [0 0 0 0 Yourself 0 - - - - -]
 [- - 0 0 0 0 - - - - -]
 [- - - - - - - - - - -]]","[[- - - - - - - - - - -]
 [0Empty 0Empty 0Empty 0Empty 1Ball - - - - - -]
 [0Empty 0Empty 0Empty 0Empty 1Key 5Wall - - - - -]
 [0Empty 0Empty 0Empty 0Empty Yourself 5Wall - - - -
  -]
 [- - 0Empty 0Empty 0Empty 5Wall - - - - -]
 [- - - - - - - - - - -]]"
19,"[[- - - - - - - - - - -]
 [1 1 1 1 6 - - - - - -]
 [1 1 1 1 5 2 - - - - -]
 [1 1 1 1 Yourself 2 - - - - -]
 [- - 1 1 1 2 - - - - -]
 [- - - - - - - - - - -]]","[[- - - - - - - - - - -]
 [0 0 0 0 1 - - - - - -]
 [0 0 0 0 1 5 - - - - -]
 [0 0 0 0 Yourself 5 - - - - -]
 [- - 0 0 0 5 - - - - -]
 [- - - - - - - - - - -]]","[[- - - - - - - - - - -]
 [0 0 0 0 0 - - - - - -]
 [0 0 0 0 0 0 - - - - -]
 [0 0 0 0 Yourself 0 - - - - -]
 [- - 0 0 0 0 - - - - -]
 [- - - - - - - - - - -]]","[[- - - - - - - - - - -]
 [0Empty 0Empty 0Empty 0Empty 1Ball - - - - - -]
 [0Empty 0Empty 0Empty 0Empty 1Key 5Wall - - - - -]
 [0Empty 0Empty 0Empty 0Empty Yourself 5Wall - - - -
  -]
 [- - 0Empty 0Empty 0Empty 5Wall - - - - -]
 [- - - - - - - - - - -]]"
20,"[[- - - - - - - - - - -]
 [1 1 1 1 6 - - - - - -]
 [1 1 1 1 5 2 - - - - -]
 [1 1 1 1 Yourself 2 - - - - -]
 [- - 1 1 1 2 - - - - -]
 [- - - - - - - - - - -]]","[[- - - - - - - - - - -]
 [0 0 0 0 1 - - - - - -]
 [0 0 0 0 1 5 - - - - -]
 [0 0 0 0 Yourself 5 - - - - -]
 [- - 0 0 0 5 - - - - -]
 [- - - - - - - - - - -]]","[[- - - - - - - - - - -]
 [0 0 0 0 0 - - - - - -]
 [0 0 0 0 0 0 - - - - -]
 [0 0 0 0 Yourself 0 - - - - -]
 [- - 0 0 0 0 - - - - -]
 [- - - - - - - - - - -]]","[[- - - - - - - - - - -]
 [0Empty 0Empty 0Empty 0Empty 1Ball - - - - - -]
 [0Empty 0Empty 0Empty 0Empty 1Key 5Wall - - - - -]
 [0Empty 0Empty 0Empty 0Empty Yourself 5Wall - - - -
  -]
 [- - 0Empty 0Empty 0Empty 5Wall - - - - -]
 [- - - - - - - - - - -]]"
21,"[[- - - - - - - - - - -]
 [1 1 1 1 6 - - - - - -]
 [1 1 1 1 5 2 - - - - -]
 [1 1 1 1 Yourself 2 - - - - -]
 [- - 1 1 1 2 - - - - -]
 [- - - - - - - - - - -]]","[[- - - - - - - - - - -]
 [0 0 0 0 1 - - - - - -]
 [0 0 0 0 1 5 - - - - -]
 [0 0 0 0 Yourself 5 - - - - -]
 [- - 0 0 0 5 - - - - -]
 [- - - - - - - - - - -]]","[[- - - - - - - - - - -]
 [0 0 0 0 0 - - - - - -]
 [0 0 0 0 0 0 - - - - -]
 [0 0 0 0 Yourself 0 - - - - -]
 [- - 0 0 0 0 - - - - -]
 [- - - - - - - - - - -]]","[[- - - - - - - - - - -]
 [0Empty 0Empty 0Empty 0Empty 1Ball - - - - - -]
 [0Empty 0Empty 0Empty 0Empty 1Key 5Wall - - - - -]
 [0Empty 0Empty 0Empty 0Empty Yourself 5Wall - - - -
  -]
 [- - 0Empty 0Empty 0Empty 5Wall - - - - -]
 [- - - - - - - - - - -]]"
22,"[[- - - - - - - - - - -]
 [1 1 1 1 6 - - - - - -]
 [1 1 1 1 5 2 - - - - -]
 [1 1 1 1 Yourself 2 - - - - -]
 [- - 1 1 1 2 - - - - -]
 [- - - - - - - - - - -]]","[[- - - - - - - - - - -]
 [0 0 0 0 1 - - - - - -]
 [0 0 0 0 1 5 - - - - -]
 [0 0 0 0 Yourself 5 - - - - -]
 [- - 0 0 0 5 - - - - -]
 [- - - - - - - - - - -]]","[[- - - - - - - - - - -]
 [0 0 0 0 0 - - - - - -]
 [0 0 0 0 0 0 - - - - -]
 [0 0 0 0 Yourself 0 - - - - -]
 [- - 0 0 0 0 - - - - -]
 [- - - - - - - - - - -]]","[[- - - - - - - - - - -]
 [0Empty 0Empty 0Empty 0Empty 1Ball - - - - - -]
 [0Empty 0Empty 0Empty 0Empty 1Key 5Wall - - - - -]
 [0Empty 0Empty 0Empty 0Empty Yourself 5Wall - - - -
  -]
 [- - 0Empty 0Empty 0Empty 5Wall - - - - -]
 [- - - - - - - - - - -]]"
23,"[[- - - - - - - - - - -]
 [1 1 1 1 6 - - - - - -]
 [1 1 1 1 5 2 - - - - -]
 [1 1 1 1 Yourself 2 - - - - -]
 [- - 1 1 1 2 - - - - -]
 [- - - - - - - - - - -]]","[[- - - - - - - - - - -]
 [0 0 0 0 1 - - - - - -]
 [0 0 0 0 1 5 - - - - -]
 [0 0 0 0 Yourself 5 - - - - -]
 [- - 0 0 0 5 - - - - -]
 [- - - - - - - - - - -]]","[[- - - - - - - - - - -]
 [0 0 0 0 0 - - - - - -]
 [0 0 0 0 0 0 - - - - -]
 [0 0 0 0 Yourself 0 - - - - -]
 [- - 0 0 0 0 - - - - -]
 [- - - - - - - - - - -]]","[[- - - - - - - - - - -]
 [0Empty 0Empty 0Empty 0Empty 1Ball - - - - - -]
 [0Empty 0Empty 0Empty 0Empty 1Key 5Wall - - - - -]
 [0Empty 0Empty 0Empty 0Empty Yourself 5Wall - - - -
  -]
 [- - 0Empty 0Empty 0Empty 5Wall - - - - -]
 [- - - - - - - - - - -]]"
24,"[[- - - - - - - - - - -]
 [1 1 1 1 6 - - - - - -]
 [1 1 1 1 5 2 - - - - -]
 [1 1 1 1 Yourself 2 - - - - -]
 [- - 1 1 1 2 - - - - -]
 [- - - - - - - - - - -]]","[[- - - - - - - - - - -]
 [0 0 0 0 1 - - - - - -]
 [0 0 0 0 1 5 - - - - -]
 [0 0 0 0 Yourself 5 - - - - -]
 [- - 0 0 0 5 - - - - -]
 [- - - - - - - - - - -]]","[[- - - - - - - - - - -]
 [0 0 0 0 0 - - - - - -]
 [0 0 0 0 0 0 - - - - -]
 [0 0 0 0 Yourself 0 - - - - -]
 [- - 0 0 0 0 - - - - -]
 [- - - - - - - - - - -]]","[[- - - - - - - - - - -]
 [0Empty 0Empty 0Empty 0Empty 1Ball - - - - - -]
 [0Empty 0Empty 0Empty 0Empty 1Key 5Wall - - - - -]
 [0Empty 0Empty 0Empty 0Empty Yourself 5Wall - - - -
  -]
 [- - 0Empty 0Empty 0Empty 5Wall - - - - -]
 [- - - - - - - - - - -]]"
25,"[[- - - - - - - - - - -]
 [- 1 1 1 6 - - - - - -]
 [- 1 1 1 5 2 - - - - -]
 [- 1 1 1 Yourself 2 - - - - -]
 [- - - 1 1 2 - - - - -]
 [- - - - - - - - - - -]]","[[- - - - - - - - - - -]
 [- 0 0 0 1 - - - - - -]
 [- 0 0 0 1 5 - - - - -]
 [- 0 0 0 Yourself 5 - - - - -]
 [- - - 0 0 5 - - - - -]
 [- - - - - - - - - - -]]","[[- - - - - - - - - - -]
 [- 0 0 0 0 - - - - - -]
 [- 0 0 0 0 0 - - - - -]
 [- 0 0 0 Yourself 0 - - - - -]
 [- - - 0 0 0 - - - - -]
 [- - - - - - - - - - -]]","[[- - - - - - - - - - -]
 [- 0Empty 0Empty 0Empty 1Ball - - - - - -]
 [- 0Empty 0Empty 0Empty 1Key 5Wall - - - - -]
 [- 0Empty 0Empty 0Empty Yourself 5Wall - - - - -]
 [- - - 0Empty 0Empty 5Wall - - - - -]
 [- - - - - - - - - - -]]"
26,"[[- - - - - - - - - - -]
 [- 1 1 1 6 - - - - - -]
 [- 1 1 1 5 2 - - - - -]
 [- 1 1 1 Yourself 2 - - - - -]
 [- - - 1 1 2 - - - - -]
 [- - - - - - - - - - -]]","[[- - - - - - - - - - -]
 [- 0 0 0 1 - - - - - -]
 [- 0 0 0 1 5 - - - - -]
 [- 0 0 0 Yourself 5 - - - - -]
 [- - - 0 0 5 - - - - -]
 [- - - - - - - - - - -]]","[[- - - - - - - - - - -]
 [- 0 0 0 0 - - - - - -]
 [- 0 0 0 0 0 - - - - -]
 [- 0 0 0 Yourself 0 - - - - -]
 [- - - 0 0 0 - - - - -]
 [- - - - - - - - - - -]]","[[- - - - - - - - - - -]
 [- 0Empty 0Empty 0Empty 1Ball - - - - - -]
 [- 0Empty 0Empty 0Empty 1Key 5Wall - - - - -]
 [- 0Empty 0Empty 0Empty Yourself 5Wall - - - - -]
 [- - - 0Empty 0Empty 5Wall - - - - -]
 [- - - - - - - - - - -]]"
27,"[[- - - - - - - - - - -]
 [- 1 1 1 6 - - - - - -]
 [- 1 1 1 5 2 - - - - -]
 [- 1 1 1 Yourself 2 - - - - -]
 [- - - 1 1 2 - - - - -]
 [- - - - - - - - - - -]]","[[- - - - - - - - - - -]
 [- 0 0 0 1 - - - - - -]
 [- 0 0 0 1 5 - - - - -]
 [- 0 0 0 Yourself 5 - - - - -]
 [- - - 0 0 5 - - - - -]
 [- - - - - - - - - - -]]","[[- - - - - - - - - - -]
 [- 0 0 0 0 - - - - - -]
 [- 0 0 0 0 0 - - - - -]
 [- 0 0 0 Yourself 0 - - - - -]
 [- - - 0 0 0 - - - - -]
 [- - - - - - - - - - -]]","[[- - - - - - - - - - -]
 [- 0Empty 0Empty 0Empty 1Ball - - - - - -]
 [- 0Empty 0Empty 0Empty 1Key 5Wall - - - - -]
 [- 0Empty 0Empty 0Empty Yourself 5Wall - - - - -]
 [- - - 0Empty 0Empty 5Wall - - - - -]
 [- - - - - - - - - - -]]"
28,"[[- - - - - - - - - - -]
 [- 1 1 1 6 - - - - - -]
 [- 1 1 1 5 2 - - - - -]
 [- 1 1 1 Yourself 2 - - - - -]
 [- - - 1 1 2 - - - - -]
 [- - - - - - - - - - -]]","[[- - - - - - - - - - -]
 [- 0 0 0 1 - - - - - -]
 [- 0 0 0 1 5 - - - - -]
 [- 0 0 0 Yourself 5 - - - - -]
 [- - - 0 0 5 - - - - -]
 [- - - - - - - - - - -]]","[[- - - - - - - - - - -]
 [- 0 0 0 0 - - - - - -]
 [- 0 0 0 0 0 - - - - -]
 [- 0 0 0 Yourself 0 - - - - -]
 [- - - 0 0 0 - - - - -]
 [- - - - - - - - - - -]]","[[- - - - - - - - - - -]
 [- 0Empty 0Empty 0Empty 1Ball - - - - - -]
 [- 0Empty 0Empty 0Empty 1Key 5Wall - - - - -]
 [- 0Empty 0Empty 0Empty Yourself 5Wall - - - - -]
 [- - - 0Empty 0Empty 5Wall - - - - -]
 [- - - - - - - - - - -]]"
29,"[[- - - - - - - - - - -]
 [- 1 1 1 6 - - - - - -]
 [- 1 1 1 5 2 - - - - -]
 [- 1 1 1 Yourself 2 - - - - -]
 [- - - 1 1 2 - - - - -]
 [- - - - - - - - - - -]]","[[- - - - - - - - - - -]
 [- 0 0 0 1 - - - - - -]
 [- 0 0 0 1 5 - - - - -]
 [- 0 0 0 Yourself 5 - - - - -]
 [- - - 0 0 5 - - - - -]
 [- - - - - - - - - - -]]","[[- - - - - - - - - - -]
 [- 0 0 0 0 - - - - - -]
 [- 0 0 0 0 0 - - - - -]
 [- 0 0 0 Yourself 0 - - - - -]
 [- - - 0 0 0 - - - - -]
 [- - - - - - - - - - -]]","[[- - - - - - - - - - -]
 [- 0Empty 0Empty 0Empty 1Ball - - - - - -]
 [- 0Empty 0Empty 0Empty 1Key 5Wall - - - - -]
 [- 0Empty 0Empty 0Empty Yourself 5Wall - - - - -]
 [- - - 0Empty 0Empty 5Wall - - - - -]
 [- - - - - - - - - - -]]"
30,"[[- - - - - - - - - - -]
 [- - - 1 6 4 - - - - -]
 [- - 1 1 5 2 - - - - -]
 [- - 1 1 Yourself 2 - - - - -]
 [- - - 1 1 2 - - - - -]
 [- - - - - - - - - - -]]","[[- - - - - - - - - - -]
 [- - - 0 1 1 - - - - -]
 [- - 0 0 1 5 - - - - -]
 [- - 0 0 Yourself 5 - - - - -]
 [- - - 0 0 5 - - - - -]
 [- - - - - - - - - - -]]","[[- - - - - - - - - - -]
 [- - - 0 0 2 - - - - -]
 [- - 0 0 0 0 - - - - -]
 [- - 0 0 Yourself 0 - - - - -]
 [- - - 0 0 0 - - - - -]
 [- - - - - - - - - - -]]","[[- - - - - - - - - - -]
 [- - - 0Empty 1Ball 1Door+ - - - - -]
 [- - 0Empty 0Empty 1Key 5Wall - - - - -]
 [- - 0Empty 0Empty Yourself 5Wall - - - - -]
 [- - - 0Empty 0Empty 5Wall - - - - -]
 [- - - - - - - - - - -]]"
31,"[[- - - - - - - - - - -]
 [- - - 1 6 4 - - - - -]
 [- - 1 1 5 2 - - - - -]
 [- - 1 1 Yourself 2 - - - - -]
 [- - - 1 1 2 - - - - -]
 [- - - - - - - - - - -]]","[[- - - - - - - - - - -]
 [- - - 0 1 1 - - - - -]
 [- - 0 0 1 5 - - - - -]
 [- - 0 0 Yourself 5 - - - - -]
 [- - - 0 0 5 - - - - -]
 [- - - - - - - - - - -]]","[[- - - - - - - - - - -]
 [- - - 0 0 2 - - - - -]
 [- - 0 0 0 0 - - - - -]
 [- - 0 0 Yourself 0 - - - - -]
 [- - - 0 0 0 - - - - -]
 [- - - - - - - - - - -]]","[[- - - - - - - - - - -]
 [- - - 0Empty 1Ball 1Door+ - - - - -]
 [- - 0Empty 0Empty 1Key 5Wall - - - - -]
 [- - 0Empty 0Empty Yourself 5Wall - - - - -]
 [- - - 0Empty 0Empty 5Wall - - - - -]
 [- - - - - - - - - - -]]"
32,"[[- - - - - - - - - - -]
 [- - - 1 6 4 - - - - -]
 [- - - 1 5 2 - - - - -]
 [- - 1 1 Yourself 2 - - - - -]
 [- - - 1 1 2 - - - - -]
 [- - - - - - - - - - -]]","[[- - - - - - - - - - -]
 [- - - 0 1 1 - - - - -]
 [- - - 0 1 5 - - - - -]
 [- - 0 0 Yourself 5 - - - - -]
 [- - - 0 0 5 - - - - -]
 [- - - - - - - - - - -]]","[[- - - - - - - - - - -]
 [- - - 0 0 2 - - - - -]
 [- - - 0 0 0 - - - - -]
 [- - 0 0 Yourself 0 - - - - -]
 [- - - 0 0 0 - - - - -]
 [- - - - - - - - - - -]]","[[- - - - - - - - - - -]
 [- - - 0Empty 1Ball 1Door+ - - - - -]
 [- - - 0Empty 1Key 5Wall - - - - -]
 [- - 0Empty 0Empty Yourself 5Wall - - - - -]
 [- - - 0Empty 0Empty 5Wall - - - - -]
 [- - - - - - - - - - -]]"
33,"[[- - - - - - - - - - -]
 [- - - 1 6 4 - - - - -]
 [- - - 1 5 2 - - - - -]
 [- - 1 1 Yourself 2 - - - - -]
 [- - - 1 1 2 - - - - -]
 [- - - - - - - - - - -]]","[[- - - - - - - - - - -]
 [- - - 0 1 1 - - - - -]
 [- - - 0 1 5 - - - - -]
 [- - 0 0 Yourself 5 - - - - -]
 [- - - 0 0 5 - - - - -]
 [- - - - - - - - - - -]]","[[- - - - - - - - - - -]
 [- - - 0 0 2 - - - - -]
 [- - - 0 0 0 - - - - -]
 [- - 0 0 Yourself 0 - - - - -]
 [- - - 0 0 0 - - - - -]
 [- - - - - - - - - - -]]","[[- - - - - - - - - - -]
 [- - - 0Empty 1Ball 1Door+ - - - - -]
 [- - - 0Empty 1Key 5Wall - - - - -]
 [- - 0Empty 0Empty Yourself 5Wall - - - - -]
 [- - - 0Empty 0Empty 5Wall - - - - -]
 [- - - - - - - - - - -]]"
34,"[[- - - - - - - - - - -]
 [- - - 1 6 4 - - - - -]
 [- - - 1 5 2 - - - - -]
 [- - 1 1 Yourself 2 - - - - -]
 [- - - 1 1 2 - - - - -]
 [- - - - - - - - - - -]]","[[- - - - - - - - - - -]
 [- - - 0 1 1 - - - - -]
 [- - - 0 1 5 - - - - -]
 [- - 0 0 Yourself 5 - - - - -]
 [- - - 0 0 5 - - - - -]
 [- - - - - - - - - - -]]","[[- - - - - - - - - - -]
 [- - - 0 0 2 - - - - -]
 [- - - 0 0 0 - - - - -]
 [- - 0 0 Yourself 0 - - - - -]
 [- - - 0 0 0 - - - - -]
 [- - - - - - - - - - -]]","[[- - - - - - - - - - -]
 [- - - 0Empty 1Ball 1Door+ - - - - -]
 [- - - 0Empty 1Key 5Wall - - - - -]
 [- - 0Empty 0Empty Yourself 5Wall - - - - -]
 [- - - 0Empty 0Empty 5Wall - - - - -]
 [- - - - - - - - - - -]]"
35,"[[- - - - - - - - - - -]
 [- - - 1 6 4 - - - - -]
 [- - - 1 5 2 - - - - -]
 [- - - 1 Yourself 2 - - - - -]
 [- - - 1 1 2 - - - - -]
 [- - - - - - - - - - -]]","[[- - - - - - - - - - -]
 [- - - 0 1 1 - - - - -]
 [- - - 0 1 5 - - - - -]
 [- - - 0 Yourself 5 - - - - -]
 [- - - 0 0 5 - - - - -]
 [- - - - - - - - - - -]]","[[- - - - - - - - - - -]
 [- - - 0 0 2 - - - - -]
 [- - - 0 0 0 - - - - -]
 [- - - 0 Yourself 0 - - - - -]
 [- - - 0 0 0 - - - - -]
 [- - - - - - - - - - -]]","[[- - - - - - - - - - -]
 [- - - 0Empty 1Ball 1Door+ - - - - -]
 [- - - 0Empty 1Key 5Wall - - - - -]
 [- - - 0Empty Yourself 5Wall - - - - -]
 [- - - 0Empty 0Empty 5Wall - - - - -]
 [- - - - - - - - - - -]]"
36,"[[- - - - - - - - - - -]
 [- - - 1 6 4 - - - - -]
 [- - - 1 5 2 - - - - -]
 [- - - 1 Yourself 2 - - - - -]
 [- - - 1 1 2 - - - - -]
 [- - - - - - - - - - -]]","[[- - - - - - - - - - -]
 [- - - 0 1 1 - - - - -]
 [- - - 0 1 5 - - - - -]
 [- - - 0 Yourself 5 - - - - -]
 [- - - 0 0 5 - - - - -]
 [- - - - - - - - - - -]]","[[- - - - - - - - - - -]
 [- - - 0 0 2 - - - - -]
 [- - - 0 0 0 - - - - -]
 [- - - 0 Yourself 0 - - - - -]
 [- - - 0 0 0 - - - - -]
 [- - - - - - - - - - -]]","[[- - - - - - - - - - -]
 [- - - 0Empty 1Ball 1Door+ - - - - -]
 [- - - 0Empty 1Key 5Wall - - - - -]
 [- - - 0Empty Yourself 5Wall - - - - -]
 [- - - 0Empty 0Empty 5Wall - - - - -]
 [- - - - - - - - - - -]]"
37,"[[- - - - - - - - - - -]
 [- - - 1 6 4 - - - - -]
 [- - - 1 5 2 - - - - -]
 [- - - 1 Yourself 2 - - - - -]
 [- - - - 1 2 - - - - -]
 [- - - - - - - - - - -]]","[[- - - - - - - - - - -]
 [- - - 0 1 1 - - - - -]
 [- - - 0 1 5 - - - - -]
 [- - - 0 Yourself 5 - - - - -]
 [- - - - 0 5 - - - - -]
 [- - - - - - - - - - -]]","[[- - - - - - - - - - -]
 [- - - 0 0 2 - - - - -]
 [- - - 0 0 0 - - - - -]
 [- - - 0 Yourself 0 - - - - -]
 [- - - - 0 0 - - - - -]
 [- - - - - - - - - - -]]","[[- - - - - - - - - - -]
 [- - - 0Empty 1Ball 1Door+ - - - - -]
 [- - - 0Empty 1Key 5Wall - - - - -]
 [- - - 0Empty Yourself 5Wall - - - - -]
 [- - - - 0Empty 5Wall - - - - -]
 [- - - - - - - - - - -]]"
38,"[[- - - - - - - - - - -]
 [- - - 1 6 4 - - - - -]
 [- - - 1 5 2 - - - - -]
 [- - - 1 Yourself 2 - - - - -]
 [- - - - 1 2 - - - - -]
 [- - - - - - - - - - -]]","[[- - - - - - - - - - -]
 [- - - 0 1 1 - - - - -]
 [- - - 0 1 5 - - - - -]
 [- - - 0 Yourself 5 - - - - -]
 [- - - - 0 5 - - - - -]
 [- - - - - - - - - - -]]","[[- - - - - - - - - - -]
 [- - - 0 0 2 - - - - -]
 [- - - 0 0 0 - - - - -]
 [- - - 0 Yourself 0 - - - - -]
 [- - - - 0 0 - - - - -]
 [- - - - - - - - - - -]]","[[- - - - - - - - - - -]
 [- - - 0Empty 1Ball 1Door+ - - - - -]
 [- - - 0Empty 1Key 5Wall - - - - -]
 [- - - 0Empty Yourself 5Wall - - - - -]
 [- - - - 0Empty 5Wall - - - - -]
 [- - - - - - - - - - -]]"
39,"[[- - - - - - - - - - -]
 [- - - 1 6 4 - - - - -]
 [1 1 1 1 5 2 - - - - -]
 [1 1 1 Yourself 1 2 - - - - -]
 [- 1 1 1 1 2 - - - - -]
 [- - - - - - - - - - -]]","[[- - - - - - - - - - -]
 [- - - 0 1 1 - - - - -]
 [0 0 0 0 1 5 - - - - -]
 [0 0 0 Yourself 0 5 - - - - -]
 [- 0 0 0 0 5 - - - - -]
 [- - - - - - - - - - -]]","[[- - - - - - - - - - -]
 [- - - 0 0 2 - - - - -]
 [0 0 0 0 0 0 - - - - -]
 [0 0 0 Yourself 0 0 - - - - -]
 [- 0 0 0 0 0 - - - - -]
 [- - - - - - - - - - -]]","[[- - - - - - - - - - -]
 [- - - 0Empty 1Ball 1Door+ - - - - -]
 [0Empty 0Empty 0Empty 0Empty 1Key 5Wall - - - - -]
 [0Empty 0Empty 0Empty Yourself 0Empty 5Wall - - - -
  -]
 [- 0Empty 0Empty 0Empty 0Empty 5Wall - - - - -]
 [- - - - - - - - - - -]]"
40,"[[- - - - - - - - - - -]
 [- - - 1 6 4 - - - - -]
 [1 1 1 1 5 2 - - - - -]
 [1 1 1 Yourself 1 2 - - - - -]
 [- 1 1 1 1 2 - - - - -]
 [- - - - - - - - - - -]]","[[- - - - - - - - - - -]
 [- - - 0 1 1 - - - - -]
 [0 0 0 0 1 5 - - - - -]
 [0 0 0 Yourself 0 5 - - - - -]
 [- 0 0 0 0 5 - - - - -]
 [- - - - - - - - - - -]]","[[- - - - - - - - - - -]
 [- - - 0 0 2 - - - - -]
 [0 0 0 0 0 0 - - - - -]
 [0 0 0 Yourself 0 0 - - - - -]
 [- 0 0 0 0 0 - - - - -]
 [- - - - - - - - - - -]]","[[- - - - - - - - - - -]
 [- - - 0Empty 1Ball 1Door+ - - - - -]
 [0Empty 0Empty 0Empty 0Empty 1Key 5Wall - - - - -]
 [0Empty 0Empty 0Empty Yourself 0Empty 5Wall - - - -
  -]
 [- 0Empty 0Empty 0Empty 0Empty 5Wall - - - - -]
 [- - - - - - - - - - -]]"
41,"[[- - - - - - - - - - -]
 [- - - 1 6 4 - - - - -]
 [1 1 1 1 5 2 - - - - -]
 [1 1 1 Yourself 1 2 - - - - -]
 [- 1 1 1 1 2 - - - - -]
 [- - - - - - - - - - -]]","[[- - - - - - - - - - -]
 [- - - 0 1 1 - - - - -]
 [0 0 0 0 1 5 - - - - -]
 [0 0 0 Yourself 0 5 - - - - -]
 [- 0 0 0 0 5 - - - - -]
 [- - - - - - - - - - -]]","[[- - - - - - - - - - -]
 [- - - 0 0 2 - - - - -]
 [0 0 0 0 0 0 - - - - -]
 [0 0 0 Yourself 0 0 - - - - -]
 [- 0 0 0 0 0 - - - - -]
 [- - - - - - - - - - -]]","[[- - - - - - - - - - -]
 [- - - 0Empty 1Ball 1Door+ - - - - -]
 [0Empty 0Empty 0Empty 0Empty 1Key 5Wall - - - - -]
 [0Empty 0Empty 0Empty Yourself 0Empty 5Wall - - - -
  -]
 [- 0Empty 0Empty 0Empty 0Empty 5Wall - - - - -]
 [- - - - - - - - - - -]]"
42,"[[- - - - - - - - - - -]
 [- - - 1 6 4 - - - - -]
 [- 1 1 1 5 2 - - - - -]
 [- 1 1 1 1 2 - - - - -]
 [- - 1 Yourself 1 - - - - - -]
 [- - 2 2 2 - - - - - -]]","[[- - - - - - - - - - -]
 [- - - 0 1 1 - - - - -]
 [- 0 0 0 1 5 - - - - -]
 [- 0 0 0 0 5 - - - - -]
 [- - 0 Yourself 0 - - - - - -]
 [- - 5 5 5 - - - - - -]]","[[- - - - - - - - - - -]
 [- - - 0 0 2 - - - - -]
 [- 0 0 0 0 0 - - - - -]
 [- 0 0 0 0 0 - - - - -]
 [- - 0 Yourself 0 - - - - - -]
 [- - 0 0 0 - - - - - -]]","[[- - - - - - - - - - -]
 [- - - 0Empty 1Ball 1Door+ - - - - -]
 [- 0Empty 0Empty 0Empty 1Key 5Wall - - - - -]
 [- 0Empty 0Empty 0Empty 0Empty 5Wall - - - - -]
 [- - 0Empty Yourself 0Empty - - - - - -]
 [- - 5Wall 5Wall 5Wall - - - - - -]]"
43,"[[- - - - - - - - - - -]
 [- - - 1 6 4 - - - - -]
 [- 1 1 1 5 2 - - - - -]
 [- 1 1 1 1 2 - - - - -]
 [- - 1 Yourself 1 - - - - - -]
 [- - 2 2 2 - - - - - -]]","[[- - - - - - - - - - -]
 [- - - 0 1 1 - - - - -]
 [- 0 0 0 1 5 - - - - -]
 [- 0 0 0 0 5 - - - - -]
 [- - 0 Yourself 0 - - - - - -]
 [- - 5 5 5 - - - - - -]]","[[- - - - - - - - - - -]
 [- - - 0 0 2 - - - - -]
 [- 0 0 0 0 0 - - - - -]
 [- 0 0 0 0 0 - - - - -]
 [- - 0 Yourself 0 - - - - - -]
 [- - 0 0 0 - - - - - -]]","[[- - - - - - - - - - -]
 [- - - 0Empty 1Ball 1Door+ - - - - -]
 [- 0Empty 0Empty 0Empty 1Key 5Wall - - - - -]
 [- 0Empty 0Empty 0Empty 0Empty 5Wall - - - - -]
 [- - 0Empty Yourself 0Empty - - - - - -]
 [- - 5Wall 5Wall 5Wall - - - - - -]]"
44,"[[- - - - - - - - - - -]
 [- - - 1 6 4 - - - - -]
 [- 1 1 1 5 2 - - - - -]
 [- 1 1 1 1 2 - - - - -]
 [- - 1 Yourself 1 - - - - - -]
 [- - 2 2 2 - - - - - -]]","[[- - - - - - - - - - -]
 [- - - 0 1 1 - - - - -]
 [- 0 0 0 1 5 - - - - -]
 [- 0 0 0 0 5 - - - - -]
 [- - 0 Yourself 0 - - - - - -]
 [- - 5 5 5 - - - - - -]]","[[- - - - - - - - - - -]
 [- - - 0 0 2 - - - - -]
 [- 0 0 0 0 0 - - - - -]
 [- 0 0 0 0 0 - - - - -]
 [- - 0 Yourself 0 - - - - - -]
 [- - 0 0 0 - - - - - -]]","[[- - - - - - - - - - -]
 [- - - 0Empty 1Ball 1Door+ - - - - -]
 [- 0Empty 0Empty 0Empty 1Key 5Wall - - - - -]
 [- 0Empty 0Empty 0Empty 0Empty 5Wall - - - - -]
 [- - 0Empty Yourself 0Empty - - - - - -]
 [- - 5Wall 5Wall 5Wall - - - - - -]]"
45,"[[- - - - - - - - - - -]
 [- - - 1 6 4 - - - - -]
 [- 1 1 1 5 2 - - - - -]
 [- 1 1 1 1 2 - - - - -]
 [- - 1 Yourself 1 - - - - - -]
 [- - 2 2 2 - - - - - -]]","[[- - - - - - - - - - -]
 [- - - 0 1 1 - - - - -]
 [- 0 0 0 1 5 - - - - -]
 [- 0 0 0 0 5 - - - - -]
 [- - 0 Yourself 0 - - - - - -]
 [- - 5 5 5 - - - - - -]]","[[- - - - - - - - - - -]
 [- - - 0 0 2 - - - - -]
 [- 0 0 0 0 0 - - - - -]
 [- 0 0 0 0 0 - - - - -]
 [- - 0 Yourself 0 - - - - - -]
 [- - 0 0 0 - - - - - -]]","[[- - - - - - - - - - -]
 [- - - 0Empty 1Ball 1Door+ - - - - -]
 [- 0Empty 0Empty 0Empty 1Key 5Wall - - - - -]
 [- 0Empty 0Empty 0Empty 0Empty 5Wall - - - - -]
 [- - 0Empty Yourself 0Empty - - - - - -]
 [- - 5Wall 5Wall 5Wall - - - - - -]]"
46,"[[- - - - - - - - - - -]
 [- - - 1 6 4 - - - - -]
 [- 1 1 1 5 2 - - - - -]
 [- 1 1 1 1 2 - - - - -]
 [- - 1 Yourself 1 - - - - - -]
 [- - 2 2 2 - - - - - -]]","[[- - - - - - - - - - -]
 [- - - 0 1 1 - - - - -]
 [- 0 0 0 1 5 - - - - -]
 [- 0 0 0 0 5 - - - - -]
 [- - 0 Yourself 0 - - - - - -]
 [- - 5 5 5 - - - - - -]]","[[- - - - - - - - - - -]
 [- - - 0 0 2 - - - - -]
 [- 0 0 0 0 0 - - - - -]
 [- 0 0 0 0 0 - - - - -]
 [- - 0 Yourself 0 - - - - - -]
 [- - 0 0 0 - - - - - -]]","[[- - - - - - - - - - -]
 [- - - 0Empty 1Ball 1Door+ - - - - -]
 [- 0Empty 0Empty 0Empty 1Key 5Wall - - - - -]
 [- 0Empty 0Empty 0Empty 0Empty 5Wall - - - - -]
 [- - 0Empty Yourself 0Empty - - - - - -]
 [- - 5Wall 5Wall 5Wall - - - - - -]]"
47,"[[- - - - - - - - - - -]
 [- - - 1 6 4 - - - - -]
 [- 1 1 1 5 2 - - - - -]
 [- 1 1 1 1 2 - - - - -]
 [- - 1 Yourself 1 - - - - - -]
 [- - 2 2 2 - - - - - -]]","[[- - - - - - - - - - -]
 [- - - 0 1 1 - - - - -]
 [- 0 0 0 1 5 - - - - -]
 [- 0 0 0 0 5 - - - - -]
 [- - 0 Yourself 0 - - - - - -]
 [- - 5 5 5 - - - - - -]]","[[- - - - - - - - - - -]
 [- - - 0 0 2 - - - - -]
 [- 0 0 0 0 0 - - - - -]
 [- 0 0 0 0 0 - - - - -]
 [- - 0 Yourself 0 - - - - - -]
 [- - 0 0 0 - - - - - -]]","[[- - - - - - - - - - -]
 [- - - 0Empty 1Ball 1Door+ - - - - -]
 [- 0Empty 0Empty 0Empty 1Key 5Wall - - - - -]
 [- 0Empty 0Empty 0Empty 0Empty 5Wall - - - - -]
 [- - 0Empty Yourself 0Empty - - - - - -]
 [- - 5Wall 5Wall 5Wall - - - - - -]]"
48,"[[- - - - - - - - - - -]
 [- - - 1 6 4 - - - - -]
 [- 1 1 1 5 2 - - - - -]
 [- 1 1 1 1 2 - - - - -]
 [- - 1 Yourself 1 - - - - - -]
 [- - 2 2 2 - - - - - -]]","[[- - - - - - - - - - -]
 [- - - 0 1 1 - - - - -]
 [- 0 0 0 1 5 - - - - -]
 [- 0 0 0 0 5 - - - - -]
 [- - 0 Yourself 0 - - - - - -]
 [- - 5 5 5 - - - - - -]]","[[- - - - - - - - - - -]
 [- - - 0 0 2 - - - - -]
 [- 0 0 0 0 0 - - - - -]
 [- 0 0 0 0 0 - - - - -]
 [- - 0 Yourself 0 - - - - - -]
 [- - 0 0 0 - - - - - -]]","[[- - - - - - - - - - -]
 [- - - 0Empty 1Ball 1Door+ - - - - -]
 [- 0Empty 0Empty 0Empty 1Key 5Wall - - - - -]
 [- 0Empty 0Empty 0Empty 0Empty 5Wall - - - - -]
 [- - 0Empty Yourself 0Empty - - - - - -]
 [- - 5Wall 5Wall 5Wall - - - - - -]]"
49,"[[- - - - - - - - - - -]
 [- - - 1 6 4 - - - - -]
 [- 1 1 1 5 2 - - - - -]
 [- 1 1 1 1 2 - - - - -]
 [- - 1 1 Yourself 2 - - - - -]
 [- - - 2 2 2 - - - - -]]","[[- - - - - - - - - - -]
 [- - - 0 1 1 - - - - -]
 [- 0 0 0 1 5 - - - - -]
 [- 0 0 0 0 5 - - - - -]
 [- - 0 0 Yourself 5 - - - - -]
 [- - - 5 5 5 - - - - -]]","[[- - - - - - - - - - -]
 [- - - 0 0 2 - - - - -]
 [- 0 0 0 0 0 - - - - -]
 [- 0 0 0 0 0 - - - - -]
 [- - 0 0 Yourself 0 - - - - -]
 [- - - 0 0 0 - - - - -]]","[[- - - - - - - - - - -]
 [- - - 0Empty 1Ball 1Door+ - - - - -]
 [- 0Empty 0Empty 0Empty 1Key 5Wall - - - - -]
 [- 0Empty 0Empty 0Empty 0Empty 5Wall - - - - -]
 [- - 0Empty 0Empty Yourself 5Wall - - - - -]
 [- - - 5Wall 5Wall 5Wall - - - - -]]"
50,"[[- - - - - - - - - - -]
 [- - - 1 6 4 - - - - -]
 [- 1 1 1 5 2 - - - - -]
 [- 1 1 1 1 2 - - - - -]
 [- - 1 1 Yourself 2 - - - - -]
 [- - - 2 2 2 - - - - -]]","[[- - - - - - - - - - -]
 [- - - 0 1 1 - - - - -]
 [- 0 0 0 1 5 - - - - -]
 [- 0 0 0 0 5 - - - - -]
 [- - 0 0 Yourself 5 - - - - -]
 [- - - 5 5 5 - - - - -]]","[[- - - - - - - - - - -]
 [- - - 0 0 2 - - - - -]
 [- 0 0 0 0 0 - - - - -]
 [- 0 0 0 0 0 - - - - -]
 [- - 0 0 Yourself 0 - - - - -]
 [- - - 0 0 0 - - - - -]]","[[- - - - - - - - - - -]
 [- - - 0Empty 1Ball 1Door+ - - - - -]
 [- 0Empty 0Empty 0Empty 1Key 5Wall - - - - -]
 [- 0Empty 0Empty 0Empty 0Empty 5Wall - - - - -]
 [- - 0Empty 0Empty Yourself 5Wall - - - - -]
 [- - - 5Wall 5Wall 5Wall - - - - -]]"
51,"[[- - - - - - - - - - -]
 [- - - 1 6 4 - - - - -]
 [- 1 1 1 5 2 - - - - -]
 [- 1 1 1 1 2 - - - - -]
 [- - 1 1 Yourself 2 - - - - -]
 [- - - 2 2 2 - - - - -]]","[[- - - - - - - - - - -]
 [- - - 0 1 1 - - - - -]
 [- 0 0 0 1 5 - - - - -]
 [- 0 0 0 0 5 - - - - -]
 [- - 0 0 Yourself 5 - - - - -]
 [- - - 5 5 5 - - - - -]]","[[- - - - - - - - - - -]
 [- - - 0 0 2 - - - - -]
 [- 0 0 0 0 0 - - - - -]
 [- 0 0 0 0 0 - - - - -]
 [- - 0 0 Yourself 0 - - - - -]
 [- - - 0 0 0 - - - - -]]","[[- - - - - - - - - - -]
 [- - - 0Empty 1Ball 1Door+ - - - - -]
 [- 0Empty 0Empty 0Empty 1Key 5Wall - - - - -]
 [- 0Empty 0Empty 0Empty 0Empty 5Wall - - - - -]
 [- - 0Empty 0Empty Yourself 5Wall - - - - -]
 [- - - 5Wall 5Wall 5Wall - - - - -]]"
52,"[[- - - - - - - - - - -]
 [- - - - - - - - - - -]
 [- 1 1 1 5 - - - - - -]
 [- 1 1 1 1 2 - - - - -]
 [- - 1 1 Yourself 2 - - - - -]
 [- - - 2 2 2 - - - - -]]","[[- - - - - - - - - - -]
 [- - - - - - - - - - -]
 [- 0 0 0 1 - - - - - -]
 [- 0 0 0 0 5 - - - - -]
 [- - 0 0 Yourself 5 - - - - -]
 [- - - 5 5 5 - - - - -]]","[[- - - - - - - - - - -]
 [- - - - - - - - - - -]
 [- 0 0 0 0 - - - - - -]
 [- 0 0 0 0 0 - - - - -]
 [- - 0 0 Yourself 0 - - - - -]
 [- - - 0 0 0 - - - - -]]","[[- - - - - - - - - - -]
 [- - - - - - - - - - -]
 [- 0Empty 0Empty 0Empty 1Key - - - - - -]
 [- 0Empty 0Empty 0Empty 0Empty 5Wall - - - - -]
 [- - 0Empty 0Empty Yourself 5Wall - - - - -]
 [- - - 5Wall 5Wall 5Wall - - - - -]]"
53,"[[- - - - - - - - - - -]
 [- - - - - - - - - - -]
 [- 1 1 1 5 - - - - - -]
 [- 1 1 1 1 2 - - - - -]
 [- - 1 1 Yourself 2 - - - - -]
 [- - - 2 2 2 - - - - -]]","[[- - - - - - - - - - -]
 [- - - - - - - - - - -]
 [- 0 0 0 1 - - - - - -]
 [- 0 0 0 0 5 - - - - -]
 [- - 0 0 Yourself 5 - - - - -]
 [- - - 5 5 5 - - - - -]]","[[- - - - - - - - - - -]
 [- - - - - - - - - - -]
 [- 0 0 0 0 - - - - - -]
 [- 0 0 0 0 0 - - - - -]
 [- - 0 0 Yourself 0 - - - - -]
 [- - - 0 0 0 - - - - -]]","[[- - - - - - - - - - -]
 [- - - - - - - - - - -]
 [- 0Empty 0Empty 0Empty 1Key - - - - - -]
 [- 0Empty 0Empty 0Empty 0Empty 5Wall - - - - -]
 [- - 0Empty 0Empty Yourself 5Wall - - - - -]
 [- - - 5Wall 5Wall 5Wall - - - - -]]"
54,"[[- - - - - - - - - - -]
 [- - - - - - - - - - -]
 [- 1 1 1 - - - - - - -]
 [- 1 1 1 1 2 - - - - -]
 [- - 1 1 Yourself 2 - - - - -]
 [- - - 2 2 2 - - - - -]]","[[- - - - - - - - - - -]
 [- - - - - - - - - - -]
 [- 0 0 0 - - - - - - -]
 [- 0 0 0 0 5 - - - - -]
 [- - 0 0 Yourself 5 - - - - -]
 [- - - 5 5 5 - - - - -]]","[[- - - - - - - - - - -]
 [- - - - - - - - - - -]
 [- 0 0 0 - - - - - - -]
 [- 0 0 0 0 0 - - - - -]
 [- - 0 0 Yourself 0 - - - - -]
 [- - - 0 0 0 - - - - -]]","[[- - - - - - - - - - -]
 [- - - - - - - - - - -]
 [- 0Empty 0Empty 0Empty - - - - - - -]
 [- 0Empty 0Empty 0Empty 0Empty 5Wall - - - - -]
 [- - 0Empty 0Empty Yourself 5Wall - - - - -]
 [- - - 5Wall 5Wall 5Wall - - - - -]]"
55,"[[- - - - - - - - - - -]
 [- - - - - - - - - - -]
 [- 1 1 1 - - - - - - -]
 [- 1 1 1 1 2 - - - - -]
 [- - 1 1 Yourself 2 - - - - -]
 [- - - 2 2 2 - - - - -]]","[[- - - - - - - - - - -]
 [- - - - - - - - - - -]
 [- 0 0 0 - - - - - - -]
 [- 0 0 0 0 5 - - - - -]
 [- - 0 0 Yourself 5 - - - - -]
 [- - - 5 5 5 - - - - -]]","[[- - - - - - - - - - -]
 [- - - - - - - - - - -]
 [- 0 0 0 - - - - - - -]
 [- 0 0 0 0 0 - - - - -]
 [- - 0 0 Yourself 0 - - - - -]
 [- - - 0 0 0 - - - - -]]","[[- - - - - - - - - - -]
 [- - - - - - - - - - -]
 [- 0Empty 0Empty 0Empty - - - - - - -]
 [- 0Empty 0Empty 0Empty 0Empty 5Wall - - - - -]
 [- - 0Empty 0Empty Yourself 5Wall - - - - -]
 [- - - 5Wall 5Wall 5Wall - - - - -]]"
56,"[[- - - - - - - - - - -]
 [- - - - - - - - - - -]
 [- - 1 1 - - - - - - -]
 [- - 1 1 1 2 - - - - -]
 [- - 1 1 Yourself 2 - - - - -]
 [- - - 2 2 2 - - - - -]]","[[- - - - - - - - - - -]
 [- - - - - - - - - - -]
 [- - 0 0 - - - - - - -]
 [- - 0 0 0 5 - - - - -]
 [- - 0 0 Yourself 5 - - - - -]
 [- - - 5 5 5 - - - - -]]","[[- - - - - - - - - - -]
 [- - - - - - - - - - -]
 [- - 0 0 - - - - - - -]
 [- - 0 0 0 0 - - - - -]
 [- - 0 0 Yourself 0 - - - - -]
 [- - - 0 0 0 - - - - -]]","[[- - - - - - - - - - -]
 [- - - - - - - - - - -]
 [- - 0Empty 0Empty - - - - - - -]
 [- - 0Empty 0Empty 0Empty 5Wall - - - - -]
 [- - 0Empty 0Empty Yourself 5Wall - - - - -]
 [- - - 5Wall 5Wall 5Wall - - - - -]]"
57,"[[- - - - - - - - - - -]
 [- - - - - - - - - - -]
 [- - - - - - - - - - -]
 [- - 1 1 1 2 - - - - -]
 [- - 1 1 Yourself 2 - - - - -]
 [- - - 2 2 2 - - - - -]]","[[- - - - - - - - - - -]
 [- - - - - - - - - - -]
 [- - - - - - - - - - -]
 [- - 0 0 0 5 - - - - -]
 [- - 0 0 Yourself 5 - - - - -]
 [- - - 5 5 5 - - - - -]]","[[- - - - - - - - - - -]
 [- - - - - - - - - - -]
 [- - - - - - - - - - -]
 [- - 0 0 0 0 - - - - -]
 [- - 0 0 Yourself 0 - - - - -]
 [- - - 0 0 0 - - - - -]]","[[- - - - - - - - - - -]
 [- - - - - - - - - - -]
 [- - - - - - - - - - -]
 [- - 0Empty 0Empty 0Empty 5Wall - - - - -]
 [- - 0Empty 0Empty Yourself 5Wall - - - - -]
 [- - - 5Wall 5Wall 5Wall - - - - -]]"
58,"[[- - - - - - - - - - -]
 [- - - - - - - - - - -]
 [- - - - - - - - - - -]
 [- - 1 1 1 2 - - - - -]
 [- - 1 1 Yourself 2 - - - - -]
 [- - - 2 2 2 - - - - -]]","[[- - - - - - - - - - -]
 [- - - - - - - - - - -]
 [- - - - - - - - - - -]
 [- - 0 0 0 5 - - - - -]
 [- - 0 0 Yourself 5 - - - - -]
 [- - - 5 5 5 - - - - -]]","[[- - - - - - - - - - -]
 [- - - - - - - - - - -]
 [- - - - - - - - - - -]
 [- - 0 0 0 0 - - - - -]
 [- - 0 0 Yourself 0 - - - - -]
 [- - - 0 0 0 - - - - -]]","[[- - - - - - - - - - -]
 [- - - - - - - - - - -]
 [- - - - - - - - - - -]
 [- - 0Empty 0Empty 0Empty 5Wall - - - - -]
 [- - 0Empty 0Empty Yourself 5Wall - - - - -]
 [- - - 5Wall 5Wall 5Wall - - - - -]]"
59,"[[- - - - - - - - - - -]
 [- - - - - - - - - - -]
 [- - - - - - - - - - -]
 [- - - 1 1 2 - - - - -]
 [- - 1 1 Yourself 2 - - - - -]
 [- - - - 2 2 - - - - -]]","[[- - - - - - - - - - -]
 [- - - - - - - - - - -]
 [- - - - - - - - - - -]
 [- - - 0 0 5 - - - - -]
 [- - 0 0 Yourself 5 - - - - -]
 [- - - - 5 5 - - - - -]]","[[- - - - - - - - - - -]
 [- - - - - - - - - - -]
 [- - - - - - - - - - -]
 [- - - 0 0 0 - - - - -]
 [- - 0 0 Yourself 0 - - - - -]
 [- - - - 0 0 - - - - -]]","[[- - - - - - - - - - -]
 [- - - - - - - - - - -]
 [- - - - - - - - - - -]
 [- - - 0Empty 0Empty 5Wall - - - - -]
 [- - 0Empty 0Empty Yourself 5Wall - - - - -]
 [- - - - 5Wall 5Wall - - - - -]]"
60,"[[- - - - - - - - - - -]
 [- - - - - - - - - - -]
 [- - - - - - - - - - -]
 [- - - 1 1 2 - - - - -]
 [- - 1 1 Yourself 2 - - - - -]
 [- - - - 2 2 - - - - -]]","[[- - - - - - - - - - -]
 [- - - - - - - - - - -]
 [- - - - - - - - - - -]
 [- - - 0 0 5 - - - - -]
 [- - 0 0 Yourself 5 - - - - -]
 [- - - - 5 5 - - - - -]]","[[- - - - - - - - - - -]
 [- - - - - - - - - - -]
 [- - - - - - - - - - -]
 [- - - 0 0 0 - - - - -]
 [- - 0 0 Yourself 0 - - - - -]
 [- - - - 0 0 - - - - -]]","[[- - - - - - - - - - -]
 [- - - - - - - - - - -]
 [- - - - - - - - - - -]
 [- - - 0Empty 0Empty 5Wall - - - - -]
 [- - 0Empty 0Empty Yourself 5Wall - - - - -]
 [- - - - 5Wall 5Wall - - - - -]]"
61,"[[- - - - - - - - - - -]
 [- - - - - - - - - - -]
 [- - - - - - - - - - -]
 [- - - 1 1 2 - - - - -]
 [- - 1 1 Yourself 2 - - - - -]
 [- - - - 2 2 - - - - -]]","[[- - - - - - - - - - -]
 [- - - - - - - - - - -]
 [- - - - - - - - - - -]
 [- - - 0 0 5 - - - - -]
 [- - 0 0 Yourself 5 - - - - -]
 [- - - - 5 5 - - - - -]]","[[- - - - - - - - - - -]
 [- - - - - - - - - - -]
 [- - - - - - - - - - -]
 [- - - 0 0 0 - - - - -]
 [- - 0 0 Yourself 0 - - - - -]
 [- - - - 0 0 - - - - -]]","[[- - - - - - - - - - -]
 [- - - - - - - - - - -]
 [- - - - - - - - - - -]
 [- - - 0Empty 0Empty 5Wall - - - - -]
 [- - 0Empty 0Empty Yourself 5Wall - - - - -]
 [- - - - 5Wall 5Wall - - - - -]]"
62,"[[- - - - - - - - - - -]
 [- - - - - - - - - - -]
 [- - - - - - - - - - -]
 [- - - 1 1 2 - - - - -]
 [- - 1 1 Yourself 2 - - - - -]
 [- - - - 2 2 - - - - -]]","[[- - - - - - - - - - -]
 [- - - - - - - - - - -]
 [- - - - - - - - - - -]
 [- - - 0 0 5 - - - - -]
 [- - 0 0 Yourself 5 - - - - -]
 [- - - - 5 5 - - - - -]]","[[- - - - - - - - - - -]
 [- - - - - - - - - - -]
 [- - - - - - - - - - -]
 [- - - 0 0 0 - - - - -]
 [- - 0 0 Yourself 0 - - - - -]
 [- - - - 0 0 - - - - -]]","[[- - - - - - - - - - -]
 [- - - - - - - - - - -]
 [- - - - - - - - - - -]
 [- - - 0Empty 0Empty 5Wall - - - - -]
 [- - 0Empty 0Empty Yourself 5Wall - - - - -]
 [- - - - 5Wall 5Wall - - - - -]]"
63,"[[- - - - - - - - - - -]
 [- - - - - - - - - - -]
 [- - - - - - - - - - -]
 [- - - 1 1 2 - - - - -]
 [- - - 1 Yourself 2 - - - - -]
 [- - - - 2 2 - - - - -]]","[[- - - - - - - - - - -]
 [- - - - - - - - - - -]
 [- - - - - - - - - - -]
 [- - - 0 0 5 - - - - -]
 [- - - 0 Yourself 5 - - - - -]
 [- - - - 5 5 - - - - -]]","[[- - - - - - - - - - -]
 [- - - - - - - - - - -]
 [- - - - - - - - - - -]
 [- - - 0 0 0 - - - - -]
 [- - - 0 Yourself 0 - - - - -]
 [- - - - 0 0 - - - - -]]","[[- - - - - - - - - - -]
 [- - - - - - - - - - -]
 [- - - - - - - - - - -]
 [- - - 0Empty 0Empty 5Wall - - - - -]
 [- - - 0Empty Yourself 5Wall - - - - -]
 [- - - - 5Wall 5Wall - - - - -]]"
64,"[[- - - - - - - - - - -]
 [- - - - - - - - - - -]
 [- - - - - - - - - - -]
 [- - - 1 1 2 - - - - -]
 [- - - 1 Yourself 2 - - - - -]
 [- - - - 2 2 - - - - -]]","[[- - - - - - - - - - -]
 [- - - - - - - - - - -]
 [- - - - - - - - - - -]
 [- - - 0 0 5 - - - - -]
 [- - - 0 Yourself 5 - - - - -]
 [- - - - 5 5 - - - - -]]","[[- - - - - - - - - - -]
 [- - - - - - - - - - -]
 [- - - - - - - - - - -]
 [- - - 0 0 0 - - - - -]
 [- - - 0 Yourself 0 - - - - -]
 [- - - - 0 0 - - - - -]]","[[- - - - - - - - - - -]
 [- - - - - - - - - - -]
 [- - - - - - - - - - -]
 [- - - 0Empty 0Empty 5Wall - - - - -]
 [- - - 0Empty Yourself 5Wall - - - - -]
 [- - - - 5Wall 5Wall - - - - -]]"
65,"[[- - - - - - - - - - -]
 [- - - - - - - - - - -]
 [- - - - - - - - - - -]
 [- - - - 1 2 - - - - -]
 [- - - - Yourself 2 - - - - -]
 [- - - - 2 2 - - - - -]]","[[- - - - - - - - - - -]
 [- - - - - - - - - - -]
 [- - - - - - - - - - -]
 [- - - - 0 5 - - - - -]
 [- - - - Yourself 5 - - - - -]
 [- - - - 5 5 - - - - -]]","[[- - - - - - - - - - -]
 [- - - - - - - - - - -]
 [- - - - - - - - - - -]
 [- - - - 0 0 - - - - -]
 [- - - - Yourself 0 - - - - -]
 [- - - - 0 0 - - - - -]]","[[- - - - - - - - - - -]
 [- - - - - - - - - - -]
 [- - - - - - - - - - -]
 [- - - - 0Empty 5Wall - - - - -]
 [- - - - Yourself 5Wall - - - - -]
 [- - - - 5Wall 5Wall - - - - -]]"
66,"[[- - - - - - - - - - -]
 [- - - - - - - - - - -]
 [- - - - - - - - - - -]
 [- - - - 1 2 - - - - -]
 [- - - - Yourself 2 - - - - -]
 [- - - - 2 2 - - - - -]]","[[- - - - - - - - - - -]
 [- - - - - - - - - - -]
 [- - - - - - - - - - -]
 [- - - - 0 5 - - - - -]
 [- - - - Yourself 5 - - - - -]
 [- - - - 5 5 - - - - -]]","[[- - - - - - - - - - -]
 [- - - - - - - - - - -]
 [- - - - - - - - - - -]
 [- - - - 0 0 - - - - -]
 [- - - - Yourself 0 - - - - -]
 [- - - - 0 0 - - - - -]]","[[- - - - - - - - - - -]
 [- - - - - - - - - - -]
 [- - - - - - - - - - -]
 [- - - - 0Empty 5Wall - - - - -]
 [- - - - Yourself 5Wall - - - - -]
 [- - - - 5Wall 5Wall - - - - -]]"
67,"[[- - - - - - - - - - -]
 [- - - - - - - - - - -]
 [- - - - - - - - - - -]
 [- - - - 1 2 - - - - -]
 [- - - - Yourself 2 - - - - -]
 [- - - - 2 2 - - - - -]]","[[- - - - - - - - - - -]
 [- - - - - - - - - - -]
 [- - - - - - - - - - -]
 [- - - - 0 5 - - - - -]
 [- - - - Yourself 5 - - - - -]
 [- - - - 5 5 - - - - -]]","[[- - - - - - - - - - -]
 [- - - - - - - - - - -]
 [- - - - - - - - - - -]
 [- - - - 0 0 - - - - -]
 [- - - - Yourself 0 - - - - -]
 [- - - - 0 0 - - - - -]]","[[- - - - - - - - - - -]
 [- - - - - - - - - - -]
 [- - - - - - - - - - -]
 [- - - - 0Empty 5Wall - - - - -]
 [- - - - Yourself 5Wall - - - - -]
 [- - - - 5Wall 5Wall - - - - -]]"
68,"[[- - - - - - - - - - -]
 [- - - - - - - - - - -]
 [- - - - - - - - - - -]
 [- - - - 1 2 - - - - -]
 [- - - - Yourself 2 - - - - -]
 [- - - - 2 2 - - - - -]]","[[- - - - - - - - - - -]
 [- - - - - - - - - - -]
 [- - - - - - - - - - -]
 [- - - - 0 5 - - - - -]
 [- - - - Yourself 5 - - - - -]
 [- - - - 5 5 - - - - -]]","[[- - - - - - - - - - -]
 [- - - - - - - - - - -]
 [- - - - - - - - - - -]
 [- - - - 0 0 - - - - -]
 [- - - - Yourself 0 - - - - -]
 [- - - - 0 0 - - - - -]]","[[- - - - - - - - - - -]
 [- - - - - - - - - - -]
 [- - - - - - - - - - -]
 [- - - - 0Empty 5Wall - - - - -]
 [- - - - Yourself 5Wall - - - - -]
 [- - - - 5Wall 5Wall - - - - -]]"
